Time,TP,Total_Bits,Total_Packets,Packet_Sizes,Packet_Times,IPGs
0,0.0,0,0,[],[],[]
1,0.0,0,0,[],[],[]
2,0.0,0,0,[],[],[]
3,0.0,0,0,[],[],[]
4,0.0,0,0,[],[],[]
5,0.0,0,0,[],[],[]
6,0.0,0,0,[],[],[]
7,90936.0,90936,27,"[1278, 1278, 650, 54, 120, 57, 53, 1278, 370, 53, 53, 1278, 650, 54, 120, 57, 53, 53, 53, 1278, 1278, 650, 54, 311, 57, 120, 57]","[1654008742.8014, 1654008742.890592, 1654008742.895811, 1654008742.895868, 1654008742.931524, 1654008742.943351, 1654008742.943439, 1654008743.037687, 1654008743.057876, 1654008743.058084, 1654008743.130599, 1654008743.130643, 1654008743.130661, 1654008743.130672, 1654008743.187428, 1654008743.187645, 1654008743.196012, 1654008743.201358, 1654008743.201418, 1654008743.207761, 1654008743.286052, 1654008743.286209, 1654008743.286279, 1654008743.318274, 1654008743.339057, 1654008743.343366, 1654008743.349387]","[0, 0.089192, 0.005219, 5.7e-05, 0.035656, 0.011827, 8.8e-05, 0.094248, 0.020189, 0.000208, 0.072515, 4.4e-05, 1.8e-05, 1.1e-05, 0.056756, 0.000217, 0.008367, 0.005346, 6e-05, 0.006343, 0.078291, 0.000157, 7e-05, 0.031995, 0.020783, 0.004309, 0.006021]"
8,9248.0,9248,4,"[53, 997, 53, 53]","[1654008743.373403, 1654008743.459255, 1654008743.463995, 1654008743.51469]","[0.024016, 0.085852, 0.00474, 0.050695]"
9,0.0,0,0,[],[],[]
10,0.0,0,0,[],[],[]
11,4200.0,4200,6,"[55, 53, 53, 116, 195, 53]","[1654008746.408828, 1654008746.419263, 1654008746.42539, 1654008746.545694, 1654008746.545817, 1654008746.607716]","[2.894138, 0.010435, 0.006127, 0.120304, 0.000123, 0.061899]"
12,0.0,0,0,[],[],[]
13,0.0,0,0,[],[],[]
14,6472.0,6472,10,"[55, 53, 53, 53, 53, 53, 53, 116, 267, 53]","[1654008749.61561, 1654008749.61573, 1654008749.621192, 1654008749.627232, 1654008749.627359, 1654008749.627407, 1654008749.653505, 1654008749.76332, 1654008749.763731, 1654008749.833613]","[3.007894, 0.00012, 0.005462, 0.00604, 0.000127, 4.8e-05, 0.026098, 0.109815, 0.000411, 0.069882]"
15,0.0,0,0,[],[],[]
16,3888.0,3888,5,"[55, 53, 203, 122, 53]","[1654008751.747919, 1654008751.777604, 1654008751.813607, 1654008751.813719, 1654008751.877676]","[1.914306, 0.029685, 0.036003, 0.000112, 0.063957]"
17,0.0,0,0,[],[],[]
18,0.0,0,0,[],[],[]
19,0.0,0,0,[],[],[]
20,0.0,0,0,[],[],[]
21,0.0,0,0,[],[],[]
22,0.0,0,0,[],[],[]
23,0.0,0,0,[],[],[]
24,0.0,0,0,[],[],[]
25,0.0,0,0,[],[],[]
26,0.0,0,0,[],[],[]
27,2056.0,2056,4,"[55, 96, 53, 53]","[1654008762.593765, 1654008762.704628, 1654008762.709314, 1654008762.783458]","[10.716089, 0.110863, 0.004686, 0.074144]"
28,0.0,0,0,[],[],[]
29,0.0,0,0,[],[],[]
30,7512.0,7512,11,"[55, 53, 53, 53, 116, 299, 53, 55, 96, 53, 53]","[1654008765.578923, 1654008765.590118, 1654008765.590754, 1654008765.614575, 1654008765.706645, 1654008765.707299, 1654008765.764795, 1654008765.769365, 1654008765.881763, 1654008765.887349, 1654008765.947693]","[2.795465, 0.011195, 0.000636, 0.023821, 0.09207, 0.000654, 0.057496, 0.00457, 0.112398, 0.005586, 0.060344]"
31,0.0,0,0,[],[],[]
32,34872.0,34872,18,"[55, 55, 94, 53, 65, 53, 53, 53, 53, 1278, 1278, 650, 54, 53, 283, 53, 121, 55]","[1654008767.40896, 1654008767.409123, 1654008767.419645, 1654008767.419773, 1654008767.419882, 1654008767.419991, 1654008767.420099, 1654008767.425475, 1654008767.549659, 1654008767.67209, 1654008767.71013, 1654008767.710305, 1654008767.710431, 1654008767.710522, 1654008767.727922, 1654008767.72875, 1654008767.815566, 1654008767.815795]","[1.461267, 0.000163, 0.010522, 0.000128, 0.000109, 0.000109, 0.000108, 0.005376, 0.124184, 0.122431, 0.03804, 0.000175, 0.000126, 9.1e-05, 0.0174, 0.000828, 0.086816, 0.000229]"
33,0.0,0,0,[],[],[]
34,0.0,0,0,[],[],[]
35,0.0,0,0,[],[],[]
36,4552.0,4552,9,"[57, 53, 96, 53, 55, 53, 96, 53, 53]","[1654008771.84343, 1654008771.843659, 1654008771.89969, 1654008771.899923, 1654008771.943451, 1654008772.041325, 1654008772.157505, 1654008772.157808, 1654008772.289424]","[4.027635, 0.000229, 0.056031, 0.000233, 0.043528, 0.097874, 0.11618, 0.000303, 0.131616]"
37,2040.0,2040,4,"[55, 94, 53, 53]","[1654008773.006916, 1654008773.087888, 1654008773.088283, 1654008773.237642]","[0.717492, 0.080972, 0.000395, 0.149359]"
38,0.0,0,0,[],[],[]
39,0.0,0,0,[],[],[]
40,0.0,0,0,[],[],[]
41,0.0,0,0,[],[],[]
42,0.0,0,0,[],[],[]
43,0.0,0,0,[],[],[]
44,0.0,0,0,[],[],[]
45,0.0,0,0,[],[],[]
46,4032.0,4032,6,"[55, 53, 53, 127, 163, 53]","[1654008781.858889, 1654008781.859594, 1654008781.859735, 1654008781.920482, 1654008781.920607, 1654008781.985868]","[8.621247, 0.000705, 0.000141, 0.060747, 0.000125, 0.065261]"
47,2040.0,2040,4,"[55, 94, 53, 53]","[1654008782.964593, 1654008783.025745, 1654008783.031303, 1654008783.084951]","[0.978725, 0.061152, 0.005558, 0.053648]"
48,0.0,0,0,[],[],[]
49,0.0,0,0,[],[],[]
50,0.0,0,0,[],[],[]
51,0.0,0,0,[],[],[]
52,0.0,0,0,[],[],[]
53,0.0,0,0,[],[],[]
54,0.0,0,0,[],[],[]
55,0.0,0,0,[],[],[]
56,0.0,0,0,[],[],[]
57,2040.0,2040,4,"[55, 94, 53, 53]","[1654008793.001957, 1654008793.050427, 1654008793.051206, 1654008793.123896]","[9.917006, 0.04847, 0.000779, 0.07269]"
58,0.0,0,0,[],[],[]
59,0.0,0,0,[],[],[]
60,0.0,0,0,[],[],[]
61,0.0,0,0,[],[],[]
62,0.0,0,0,[],[],[]
63,0.0,0,0,[],[],[]
64,0.0,0,0,[],[],[]
65,36520.0,36520,9,"[1278, 1278, 650, 54, 120, 57, 1022, 53, 53]","[1654008800.63897, 1654008800.728262, 1654008800.733539, 1654008800.733688, 1654008800.769075, 1654008800.779846, 1654008800.888603, 1654008800.893166, 1654008800.937871]","[7.515074, 0.089292, 0.005277, 0.000149, 0.035387, 0.010771, 0.108757, 0.004563, 0.044705]"
66,0.0,0,0,[],[],[]
67,0.0,0,0,[],[],[]
68,0.0,0,0,[],[],[]
69,0.0,0,0,[],[],[]
70,0.0,0,0,[],[],[]
71,0.0,0,0,[],[],[]
72,0.0,0,0,[],[],[]
73,0.0,0,0,[],[],[]
74,0.0,0,0,[],[],[]
75,0.0,0,0,[],[],[]
76,4520.0,4520,9,"[56, 96, 53, 54, 54, 55, 53, 91, 53]","[1654008812.109283, 1654008812.133544, 1654008812.133649, 1654008812.151499, 1654008812.193399, 1654008812.211715, 1654008812.327648, 1654008812.335636, 1654008812.34146]","[11.171412, 0.024261, 0.000105, 0.01785, 0.0419, 0.018316, 0.115933, 0.007988, 0.005824]"
77,848.0,848,2,"[53, 53]","[1654008812.383634, 1654008812.459721]","[0.042174, 0.076087]"
78,0.0,0,0,[],[],[]
79,0.0,0,0,[],[],[]
80,0.0,0,0,[],[],[]
81,0.0,0,0,[],[],[]
82,0.0,0,0,[],[],[]
83,0.0,0,0,[],[],[]
84,0.0,0,0,[],[],[]
85,0.0,0,0,[],[],[]
86,0.0,0,0,[],[],[]
87,0.0,0,0,[],[],[]
88,0.0,0,0,[],[],[]
89,0.0,0,0,[],[],[]
90,0.0,0,0,[],[],[]
91,0.0,0,0,[],[],[]
92,0.0,0,0,[],[],[]
93,0.0,0,0,[],[],[]
94,0.0,0,0,[],[],[]
95,0.0,0,0,[],[],[]
96,0.0,0,0,[],[],[]
97,2480.0,2480,5,"[56, 94, 53, 53, 54]","[1654008833.115363, 1654008833.163351, 1654008833.163456, 1654008833.201247, 1654008833.269273]","[20.655642, 0.047988, 0.000105, 0.037791, 0.068026]"
98,3888.0,3888,6,"[54, 56, 60, 98, 165, 53]","[1654008833.463268, 1654008833.66185, 1654008833.691615, 1654008833.741357, 1654008833.741837, 1654008833.913209]","[0.193995, 0.198582, 0.029765, 0.049742, 0.00048, 0.171372]"
99,0.0,0,0,[],[],[]
100,0.0,0,0,[],[],[]
101,0.0,0,0,[],[],[]
102,0.0,0,0,[],[],[]
103,0.0,0,0,[],[],[]
104,0.0,0,0,[],[],[]
105,0.0,0,0,[],[],[]
106,0.0,0,0,[],[],[]
107,0.0,0,0,[],[],[]
108,0.0,0,0,[],[],[]
109,0.0,0,0,[],[],[]
110,0.0,0,0,[],[],[]
111,0.0,0,0,[],[],[]
112,0.0,0,0,[],[],[]
113,0.0,0,0,[],[],[]
114,0.0,0,0,[],[],[]
115,0.0,0,0,[],[],[]
116,2064.0,2064,4,"[56, 96, 53, 53]","[1654008851.946742, 1654008852.063945, 1654008852.069559, 1654008852.127968]","[18.033533, 0.117203, 0.005614, 0.058409]"
117,0.0,0,0,[],[],[]
118,0.0,0,0,[],[],[]
119,0.0,0,0,[],[],[]
120,0.0,0,0,[],[],[]
121,0.0,0,0,[],[],[]
122,0.0,0,0,[],[],[]
123,0.0,0,0,[],[],[]
124,0.0,0,0,[],[],[]
125,0.0,0,0,[],[],[]
126,38528.0,38528,14,"[1278, 1278, 650, 54, 120, 57, 997, 53, 53, 53, 55, 62, 53, 53]","[1654008861.7279, 1654008861.807374, 1654008861.807542, 1654008861.807652, 1654008861.861197, 1654008861.878756, 1654008862.033229, 1654008862.033754, 1654008862.096093, 1654008862.12411, 1654008862.135827, 1654008862.248077, 1654008862.25606, 1654008862.289706]","[9.599932, 0.079474, 0.000168, 0.00011, 0.053545, 0.017559, 0.154473, 0.000525, 0.062339, 0.028017, 0.011717, 0.11225, 0.007983, 0.033646]"
127,0.0,0,0,[],[],[]
128,0.0,0,0,[],[],[]
129,0.0,0,0,[],[],[]
130,0.0,0,0,[],[],[]
131,0.0,0,0,[],[],[]
132,0.0,0,0,[],[],[]
133,0.0,0,0,[],[],[]
134,0.0,0,0,[],[],[]
135,0.0,0,0,[],[],[]
136,0.0,0,0,[],[],[]
137,2056.0,2056,4,"[56, 95, 53, 53]","[1654008872.949226, 1654008873.005951, 1654008873.011367, 1654008873.061629]","[10.65952, 0.056725, 0.005416, 0.050262]"
138,0.0,0,0,[],[],[]
139,0.0,0,0,[],[],[]
140,0.0,0,0,[],[],[]
141,0.0,0,0,[],[],[]
142,0.0,0,0,[],[],[]
143,0.0,0,0,[],[],[]
144,0.0,0,0,[],[],[]
145,0.0,0,0,[],[],[]
146,2072.0,2072,4,"[56, 97, 53, 53]","[1654008881.94795, 1654008882.062666, 1654008882.067464, 1654008882.131777]","[8.886321, 0.114716, 0.004798, 0.064313]"
147,0.0,0,0,[],[],[]
148,0.0,0,0,[],[],[]
149,0.0,0,0,[],[],[]
150,0.0,0,0,[],[],[]
151,0.0,0,0,[],[],[]
152,0.0,0,0,[],[],[]
153,2072.0,2072,4,"[56, 97, 53, 53]","[1654008888.823172, 1654008888.914146, 1654008888.914463, 1654008889.053765]","[6.691395, 0.090974, 0.000317, 0.139302]"
154,0.0,0,0,[],[],[]
155,0.0,0,0,[],[],[]
156,0.0,0,0,[],[],[]
157,0.0,0,0,[],[],[]
158,0.0,0,0,[],[],[]
159,0.0,0,0,[],[],[]
160,0.0,0,0,[],[],[]
161,0.0,0,0,[],[],[]
162,0.0,0,0,[],[],[]
163,0.0,0,0,[],[],[]
164,0.0,0,0,[],[],[]
165,0.0,0,0,[],[],[]
166,0.0,0,0,[],[],[]
167,0.0,0,0,[],[],[]
168,0.0,0,0,[],[],[]
169,0.0,0,0,[],[],[]
170,0.0,0,0,[],[],[]
171,0.0,0,0,[],[],[]
172,0.0,0,0,[],[],[]
173,0.0,0,0,[],[],[]
174,0.0,0,0,[],[],[]
175,0.0,0,0,[],[],[]
176,0.0,0,0,[],[],[]
177,2056.0,2056,4,"[56, 95, 53, 53]","[1654008912.953609, 1654008913.007625, 1654008913.007747, 1654008913.063816]","[23.899844, 0.054016, 0.000122, 0.056069]"
178,0.0,0,0,[],[],[]
179,0.0,0,0,[],[],[]
180,0.0,0,0,[],[],[]
181,0.0,0,0,[],[],[]
182,0.0,0,0,[],[],[]
183,0.0,0,0,[],[],[]
184,0.0,0,0,[],[],[]
185,0.0,0,0,[],[],[]
186,2072.0,2072,4,"[56, 97, 53, 53]","[1654008921.9695, 1654008922.107806, 1654008922.113212, 1654008922.145662]","[8.905684, 0.138306, 0.005406, 0.03245]"
187,0.0,0,0,[],[],[]
188,0.0,0,0,[],[],[]
189,0.0,0,0,[],[],[]
190,0.0,0,0,[],[],[]
191,0.0,0,0,[],[],[]
192,0.0,0,0,[],[],[]
193,0.0,0,0,[],[],[]
194,0.0,0,0,[],[],[]
195,0.0,0,0,[],[],[]
196,0.0,0,0,[],[],[]
197,0.0,0,0,[],[],[]
198,46544.0,46544,10,"[1278, 1278, 650, 54, 120, 57, 1278, 997, 53, 53]","[1654008933.732602, 1654008933.805924, 1654008933.811312, 1654008933.811411, 1654008933.852131, 1654008933.852223, 1654008933.921874, 1654008933.966744, 1654008933.971569, 1654008934.009893]","[11.58694, 0.073322, 0.005388, 9.9e-05, 0.04072, 9.2e-05, 0.069651, 0.04487, 0.004825, 0.038324]"
199,0.0,0,0,[],[],[]
200,0.0,0,0,[],[],[]
201,0.0,0,0,[],[],[]
202,0.0,0,0,[],[],[]
203,0.0,0,0,[],[],[]
204,0.0,0,0,[],[],[]
205,0.0,0,0,[],[],[]
206,0.0,0,0,[],[],[]
207,0.0,0,0,[],[],[]
208,0.0,0,0,[],[],[]
209,0.0,0,0,[],[],[]
210,0.0,0,0,[],[],[]
211,0.0,0,0,[],[],[]
212,0.0,0,0,[],[],[]
213,0.0,0,0,[],[],[]
214,0.0,0,0,[],[],[]
215,0.0,0,0,[],[],[]
216,0.0,0,0,[],[],[]
217,40872.0,40872,9,"[1278, 650, 54, 1278, 1278, 343, 53, 120, 55]","[1654008953.029733, 1654008953.116877, 1654008953.121686, 1654008953.129759, 1654008953.173665, 1654008953.185381, 1654008953.185498, 1654008953.19376, 1654008953.232616]","[19.01984, 0.087144, 0.004809, 0.008073, 0.043906, 0.011716, 0.000117, 0.008262, 0.038856]"
218,0.0,0,0,[],[],[]
219,0.0,0,0,[],[],[]
220,0.0,0,0,[],[],[]
221,0.0,0,0,[],[],[]
222,0.0,0,0,[],[],[]
223,0.0,0,0,[],[],[]
224,0.0,0,0,[],[],[]
225,0.0,0,0,[],[],[]
226,2288.0,2288,4,"[59, 121, 53, 53]","[1654008961.938804, 1654008962.054828, 1654008962.059434, 1654008962.116055]","[8.706188, 0.116024, 0.004606, 0.056621]"
227,0.0,0,0,[],[],[]
228,0.0,0,0,[],[],[]
229,0.0,0,0,[],[],[]
230,0.0,0,0,[],[],[]
231,0.0,0,0,[],[],[]
232,0.0,0,0,[],[],[]
233,0.0,0,0,[],[],[]
234,0.0,0,0,[],[],[]
235,0.0,0,0,[],[],[]
236,0.0,0,0,[],[],[]
237,0.0,0,0,[],[],[]
238,0.0,0,0,[],[],[]
239,0.0,0,0,[],[],[]
240,0.0,0,0,[],[],[]
241,0.0,0,0,[],[],[]
242,0.0,0,0,[],[],[]
243,0.0,0,0,[],[],[]
244,0.0,0,0,[],[],[]
245,0.0,0,0,[],[],[]
246,0.0,0,0,[],[],[]
247,0.0,0,0,[],[],[]
248,0.0,0,0,[],[],[]
249,0.0,0,0,[],[],[]
250,0.0,0,0,[],[],[]
251,0.0,0,0,[],[],[]
252,0.0,0,0,[],[],[]
253,0.0,0,0,[],[],[]
254,0.0,0,0,[],[],[]
255,0.0,0,0,[],[],[]
256,30880.0,30880,8,"[1278, 1278, 650, 54, 120, 57, 370, 53]","[1654008991.994892, 1654008992.079843, 1654008992.085218, 1654008992.08533, 1654008992.159638, 1654008992.200662, 1654008992.319978, 1654008992.320455]","[29.878837, 0.084951, 0.005375, 0.000112, 0.074308, 0.041024, 0.119316, 0.000477]"
257,2464.0,2464,5,"[53, 55, 94, 53, 53]","[1654008992.385721, 1654008992.976662, 1654008993.053738, 1654008993.05391, 1654008993.114618]","[0.065266, 0.590941, 0.077076, 0.000172, 0.060708]"
258,0.0,0,0,[],[],[]
259,36320.0,36320,9,"[1278, 1278, 650, 54, 120, 57, 997, 53, 53]","[1654008994.605731, 1654008994.684799, 1654008994.689576, 1654008994.689714, 1654008994.741695, 1654008994.747427, 1654008994.85786, 1654008994.863277, 1654008994.909636]","[1.491113, 0.079068, 0.004777, 0.000138, 0.051981, 0.005732, 0.110433, 0.005417, 0.046359]"
260,0.0,0,0,[],[],[]
261,0.0,0,0,[],[],[]
262,0.0,0,0,[],[],[]
263,0.0,0,0,[],[],[]
264,0.0,0,0,[],[],[]
265,0.0,0,0,[],[],[]
266,0.0,0,0,[],[],[]
267,0.0,0,0,[],[],[]
268,0.0,0,0,[],[],[]
269,0.0,0,0,[],[],[]
270,0.0,0,0,[],[],[]
271,0.0,0,0,[],[],[]
272,0.0,0,0,[],[],[]
273,0.0,0,0,[],[],[]
274,0.0,0,0,[],[],[]
275,0.0,0,0,[],[],[]
276,0.0,0,0,[],[],[]
277,0.0,0,0,[],[],[]
278,0.0,0,0,[],[],[]
279,0.0,0,0,[],[],[]
280,0.0,0,0,[],[],[]
281,0.0,0,0,[],[],[]
282,0.0,0,0,[],[],[]
283,0.0,0,0,[],[],[]
284,0.0,0,0,[],[],[]
285,0.0,0,0,[],[],[]
286,12704.0,12704,6,"[1278, 53, 55, 96, 53, 53]","[1654009021.975418, 1654009022.001107, 1654009022.041663, 1654009022.168119, 1654009022.16865, 1654009022.233685]","[27.065782, 0.025689, 0.040556, 0.126456, 0.000531, 0.065035]"
287,0.0,0,0,[],[],[]
288,0.0,0,0,[],[],[]
289,0.0,0,0,[],[],[]
290,0.0,0,0,[],[],[]
291,0.0,0,0,[],[],[]
292,0.0,0,0,[],[],[]
293,0.0,0,0,[],[],[]
294,0.0,0,0,[],[],[]
295,0.0,0,0,[],[],[]
296,0.0,0,0,[],[],[]
297,2040.0,2040,4,"[55, 94, 53, 53]","[1654009032.95372, 1654009033.015213, 1654009033.019544, 1654009033.075196]","[10.720035, 0.061493, 0.004331, 0.055652]"
298,0.0,0,0,[],[],[]
299,0.0,0,0,[],[],[]
300,0.0,0,0,[],[],[]
301,0.0,0,0,[],[],[]
302,0.0,0,0,[],[],[]
303,0.0,0,0,[],[],[]
304,0.0,0,0,[],[],[]
305,0.0,0,0,[],[],[]
306,0.0,0,0,[],[],[]
307,0.0,0,0,[],[],[]
308,0.0,0,0,[],[],[]
309,0.0,0,0,[],[],[]
310,0.0,0,0,[],[],[]
311,0.0,0,0,[],[],[]
312,0.0,0,0,[],[],[]
313,0.0,0,0,[],[],[]
314,0.0,0,0,[],[],[]
315,0.0,0,0,[],[],[]
316,0.0,0,0,[],[],[]
317,0.0,0,0,[],[],[]
318,0.0,0,0,[],[],[]
319,0.0,0,0,[],[],[]
320,0.0,0,0,[],[],[]
321,0.0,0,0,[],[],[]
322,0.0,0,0,[],[],[]
323,3320.0,3320,4,"[55, 53, 203, 104]","[1654009059.272836, 1654009059.293654, 1654009059.331727, 1654009059.331824]","[26.19764, 0.020818, 0.038073, 9.7e-05]"
324,1775984.0,1775984,182,"[53, 1278, 1278, 650, 54, 58, 1274, 1278, 1278, 1278, 1278, 1278, 1274, 1278, 1278, 1278, 1278, 1278, 1278, 1278, 1278, 1278, 1278, 1278, 1278, 1278, 1278, 1278, 1278, 1278, 1278, 1278, 1278, 1278, 1278, 1278, 1278, 1278, 1278, 120, 1278, 1278, 1278, 1278, 1278, 1278, 1278, 1278, 1278, 1278, 1278, 1278, 1278, 1278, 1278, 1278, 1278, 1278, 1278, 1278, 1278, 1278, 1278, 1278, 1278, 1278, 1278, 59, 1278, 1278, 1278, 1278, 1278, 1274, 1278, 1278, 1278, 1278, 1278, 1278, 1278, 1278, 1278, 1278, 1278, 1278, 1278, 1274, 1278, 1278, 1278, 1278, 1278, 1278, 1278, 1278, 1278, 1278, 1278, 1278, 1278, 1278, 1278, 1278, 1278, 1278, 1278, 1278, 1278, 1278, 1278, 1278, 1278, 1278, 1278, 1278, 1278, 1278, 1278, 1278, 1278, 1278, 1278, 1278, 1278, 1278, 1278, 1278, 1278, 1278, 1278, 1278, 1278, 1278, 1278, 1278, 1278, 1278, 1278, 1278, 1278, 1278, 1278, 1278, 1278, 1278, 1278, 1278, 1278, 1278, 1278, 1278, 1278, 1278, 890, 1278, 1083, 67, 1274, 1278, 1278, 1278, 1278, 1278, 1278, 1278, 1278, 1278, 1278, 1278, 1278, 1278, 1278, 1278, 1278, 1278, 1278, 1278, 1278, 1278, 392, 54]","[1654009059.396826, 1654009059.767226, 1654009059.847759, 1654009059.859504, 1654009059.85964, 1654009059.859675, 1654009059.865269, 1654009059.865357, 1654009059.865395, 1654009059.933793, 1654009059.949849, 1654009059.956102, 1654009059.956188, 1654009059.956237, 1654009059.956283, 1654009059.956327, 1654009059.956372, 1654009059.956417, 1654009059.956462, 1654009059.956505, 1654009059.956549, 1654009059.956593, 1654009059.956637, 1654009059.956682, 1654009059.956728, 1654009059.956773, 1654009059.956817, 1654009059.956862, 1654009059.956906, 1654009059.956952, 1654009059.956999, 1654009059.957046, 1654009059.957091, 1654009059.957136, 1654009059.95718, 1654009059.957225, 1654009059.95727, 1654009059.957314, 1654009059.957359, 1654009059.957403, 1654009059.957445, 1654009059.95749, 1654009059.957534, 1654009059.957578, 1654009059.957625, 1654009059.957668, 1654009059.957714, 1654009059.957759, 1654009059.957805, 1654009059.95785, 1654009059.957898, 1654009059.957945, 1654009059.990649, 1654009060.001887, 1654009060.007605, 1654009060.007794, 1654009060.007881, 1654009060.007956, 1654009060.008028, 1654009060.008099, 1654009060.008171, 1654009060.008245, 1654009060.017089, 1654009060.027665, 1654009060.027873, 1654009060.027975, 1654009060.028065, 1654009060.028154, 1654009060.028257, 1654009060.028364, 1654009060.028455, 1654009060.033597, 1654009060.033737, 1654009060.033835, 1654009060.033926, 1654009060.034016, 1654009060.034103, 1654009060.034188, 1654009060.034493, 1654009060.034595, 1654009060.034686, 1654009060.034772, 1654009060.034861, 1654009060.039675, 1654009060.039801, 1654009060.039891, 1654009060.039978, 1654009060.040065, 1654009060.04015, 1654009060.040235, 1654009060.040321, 1654009060.040406, 1654009060.040492, 1654009060.045356, 1654009060.045462, 1654009060.045539, 1654009060.045613, 1654009060.045685, 1654009060.051513, 1654009060.051648, 1654009060.057359, 1654009060.057492, 1654009060.05754, 1654009060.057582, 1654009060.057623, 1654009060.057664, 1654009060.057705, 1654009060.057746, 1654009060.063385, 1654009060.063469, 1654009060.063512, 1654009060.069568, 1654009060.069694, 1654009060.078796, 1654009060.083665, 1654009060.083969, 1654009060.084038, 1654009060.084073, 1654009060.084108, 1654009060.08414, 1654009060.084172, 1654009060.084205, 1654009060.089827, 1654009060.095793, 1654009060.095991, 1654009060.096035, 1654009060.09607, 1654009060.096102, 1654009060.096134, 1654009060.096167, 1654009060.0962, 1654009060.096233, 1654009060.096265, 1654009060.096297, 1654009060.096328, 1654009060.096363, 1654009060.096521, 1654009060.101202, 1654009060.101294, 1654009060.10133, 1654009060.101362, 1654009060.107222, 1654009060.116703, 1654009060.121335, 1654009060.121422, 1654009060.121458, 1654009060.121491, 1654009060.121524, 1654009060.127602, 1654009060.149625, 1654009060.161163, 1654009060.167775, 1654009060.173472, 1654009060.173559, 1654009060.1736, 1654009060.18053, 1654009060.185777, 1654009060.185864, 1654009060.185899, 1654009060.185932, 1654009060.185965, 1654009060.185997, 1654009060.186029, 1654009060.18606, 1654009060.186092, 1654009060.186125, 1654009060.186158, 1654009060.191655, 1654009060.191752, 1654009060.199652, 1654009060.205547, 1654009060.205638, 1654009060.205675, 1654009060.205707, 1654009060.205739, 1654009060.20577, 1654009060.205802, 1654009060.205835, 1654009060.205866, 1654009060.205897, 1654009060.205929, 1654009060.222519]","[0.065002, 0.3704, 0.080533, 0.011745, 0.000136, 3.5e-05, 0.005594, 8.8e-05, 3.8e-05, 0.068398, 0.016056, 0.006253, 8.6e-05, 4.9e-05, 4.6e-05, 4.4e-05, 4.5e-05, 4.5e-05, 4.5e-05, 4.3e-05, 4.4e-05, 4.4e-05, 4.4e-05, 4.5e-05, 4.6e-05, 4.5e-05, 4.4e-05, 4.5e-05, 4.4e-05, 4.6e-05, 4.7e-05, 4.7e-05, 4.5e-05, 4.5e-05, 4.4e-05, 4.5e-05, 4.5e-05, 4.4e-05, 4.5e-05, 4.4e-05, 4.2e-05, 4.5e-05, 4.4e-05, 4.4e-05, 4.7e-05, 4.3e-05, 4.6e-05, 4.5e-05, 4.6e-05, 4.5e-05, 4.8e-05, 4.7e-05, 0.032704, 0.011238, 0.005718, 0.000189, 8.7e-05, 7.5e-05, 7.2e-05, 7.1e-05, 7.2e-05, 7.4e-05, 0.008844, 0.010576, 0.000208, 0.000102, 9e-05, 8.9e-05, 0.000103, 0.000107, 9.1e-05, 0.005142, 0.00014, 9.8e-05, 9.1e-05, 9e-05, 8.7e-05, 8.5e-05, 0.000305, 0.000102, 9.1e-05, 8.6e-05, 8.9e-05, 0.004814, 0.000126, 9e-05, 8.7e-05, 8.7e-05, 8.5e-05, 8.5e-05, 8.6e-05, 8.5e-05, 8.6e-05, 0.004864, 0.000106, 7.7e-05, 7.4e-05, 7.2e-05, 0.005828, 0.000135, 0.005711, 0.000133, 4.8e-05, 4.2e-05, 4.1e-05, 4.1e-05, 4.1e-05, 4.1e-05, 0.005639, 8.4e-05, 4.3e-05, 0.006056, 0.000126, 0.009102, 0.004869, 0.000304, 6.9e-05, 3.5e-05, 3.5e-05, 3.2e-05, 3.2e-05, 3.3e-05, 0.005622, 0.005966, 0.000198, 4.4e-05, 3.5e-05, 3.2e-05, 3.2e-05, 3.3e-05, 3.3e-05, 3.3e-05, 3.2e-05, 3.2e-05, 3.1e-05, 3.5e-05, 0.000158, 0.004681, 9.2e-05, 3.6e-05, 3.2e-05, 0.00586, 0.009481, 0.004632, 8.7e-05, 3.6e-05, 3.3e-05, 3.3e-05, 0.006078, 0.022023, 0.011538, 0.006612, 0.005697, 8.7e-05, 4.1e-05, 0.00693, 0.005247, 8.7e-05, 3.5e-05, 3.3e-05, 3.3e-05, 3.2e-05, 3.2e-05, 3.1e-05, 3.2e-05, 3.3e-05, 3.3e-05, 0.005497, 9.7e-05, 0.0079, 0.005895, 9.1e-05, 3.7e-05, 3.2e-05, 3.2e-05, 3.1e-05, 3.2e-05, 3.3e-05, 3.1e-05, 3.1e-05, 3.2e-05, 0.01659]"
325,293296.0,293296,40,"[1274, 1278, 1278, 1278, 1278, 1278, 1278, 1278, 1278, 1278, 1278, 1278, 471, 1273, 1278, 1278, 1278, 1278, 1278, 1278, 1278, 1278, 1278, 1278, 1278, 1278, 1278, 1278, 1046, 54, 55, 55, 55, 56, 96, 53, 65, 53, 53, 53]","[1654009060.411173, 1654009060.411344, 1654009060.415247, 1654009060.415351, 1654009060.415388, 1654009060.423011, 1654009060.427328, 1654009060.42742, 1654009060.427456, 1654009060.42749, 1654009060.427522, 1654009060.433264, 1654009060.433351, 1654009060.433388, 1654009060.433422, 1654009060.443133, 1654009060.447385, 1654009060.447636, 1654009060.447684, 1654009060.447719, 1654009060.447751, 1654009060.447783, 1654009060.447814, 1654009060.447846, 1654009060.454614, 1654009060.459424, 1654009060.45953, 1654009060.465354, 1654009060.465443, 1654009060.490773, 1654009060.936729, 1654009061.000671, 1654009061.019926, 1654009061.031648, 1654009061.052802, 1654009061.057949, 1654009061.06329, 1654009061.0634, 1654009061.092133, 1654009061.114717]","[0.188654, 0.000171, 0.003903, 0.000104, 3.7e-05, 0.007623, 0.004317, 9.2e-05, 3.6e-05, 3.4e-05, 3.2e-05, 0.005742, 8.7e-05, 3.7e-05, 3.4e-05, 0.009711, 0.004252, 0.000251, 4.8e-05, 3.5e-05, 3.2e-05, 3.2e-05, 3.1e-05, 3.2e-05, 0.006768, 0.00481, 0.000106, 0.005824, 8.9e-05, 0.02533, 0.445956, 0.063942, 0.019255, 0.011722, 0.021154, 0.005147, 0.005341, 0.00011, 0.028733, 0.022584]"
326,0.0,0,0,[],[],[]
327,0.0,0,0,[],[],[]
328,0.0,0,0,[],[],[]
329,0.0,0,0,[],[],[]
330,0.0,0,0,[],[],[]
331,0.0,0,0,[],[],[]
332,0.0,0,0,[],[],[]
333,0.0,0,0,[],[],[]
334,0.0,0,0,[],[],[]
335,0.0,0,0,[],[],[]
336,0.0,0,0,[],[],[]
337,0.0,0,0,[],[],[]
338,0.0,0,0,[],[],[]
339,0.0,0,0,[],[],[]
340,0.0,0,0,[],[],[]
341,0.0,0,0,[],[],[]
342,0.0,0,0,[],[],[]
343,0.0,0,0,[],[],[]
344,0.0,0,0,[],[],[]
345,0.0,0,0,[],[],[]
346,0.0,0,0,[],[],[]
347,0.0,0,0,[],[],[]
348,0.0,0,0,[],[],[]
349,0.0,0,0,[],[],[]
